{
    "loss": 0.5458890199661255,
    "accuracy": 0.9114927053451538
}