{
    "loss": 1.9616999626159668,
    "accuracy": 0.7754293084144592
}